timestamp,session_id,error_id,message,status,resolved_time
2026-02-27T16:50:49.736661,56b62657-e892-4a90-a031-9c041cbaba3c,ERR-1363,Cart Item Add Issue,failed,
2026-02-27T16:53:15.020647,b4f05ec7-4704-41ab-8695-c7ffa5aa1293,ERR-6537,Customer Details Not Verified,failed,
2026-02-27T16:54:15.712479,b4f05ec7-4704-41ab-8695-c7ffa5aa1293,ERR-3514,Teams Login Issue,failed,
2026-02-27T16:57:08.022390,574a6380-b149-4f50-8150-4783c3c09967,ERR-5584,Customer Details Not Verified,failed,
2026-02-27T17:00:34.092177,70c7a571-717b-48d5-a015-1978c78bf4e5,ERR-4216,Cart Item Add Issue,failed,
2026-02-27T17:01:34.996227,70c7a571-717b-48d5-a015-1978c78bf4e5,ERR-8712,Teams Login Issue,failed,
2026-02-27T17:02:35.883614,70c7a571-717b-48d5-a015-1978c78bf4e5,ERR-4871,Teams Login Issue,failed,
2026-02-27T17:03:36.717486,70c7a571-717b-48d5-a015-1978c78bf4e5,ERR-7276,Teams Login Issue,failed,
2026-02-27T17:04:32.727311,70c7a571-717b-48d5-a015-1978c78bf4e5,ERR-2115,Cart Item Add Issue,failed,
2026-02-27T17:12:04.118025,4d394fc4-f8a1-4985-8c68-914d7b1fc67d,ERR-9895,Cart Item Add Issue,resolved,2026-02-27T17:12:14.856437
2026-02-27T17:13:05.356094,4d394fc4-f8a1-4985-8c68-914d7b1fc67d,ERR-6950,Cart Item Add Issue,resolved,2026-02-27T17:13:15.722832
2026-02-27T17:14:06.297133,4d394fc4-f8a1-4985-8c68-914d7b1fc67d,ERR-8550,Teams Login Issue,failed,
2026-02-27T17:15:02.230025,4d394fc4-f8a1-4985-8c68-914d7b1fc67d,ERR-5685,Customer Details Not Verified,resolved,2026-02-27T17:15:37.563754
2026-02-27T17:51:51.971022,07c6aa62-413b-4cf2-b9ab-a37f6f21189e,ERR-5595,Cart Item Add Issue,resolved,2026-02-27T17:52:52.905376
2026-02-27T17:52:57.944545,07c6aa62-413b-4cf2-b9ab-a37f6f21189e,ERR-9586,Cart Item Add Issue,failed,
2026-02-27T17:54:52.445223,07c6aa62-413b-4cf2-b9ab-a37f6f21189e,ERR-3448,Customer Details Not Verified,resolved,2026-02-27T17:55:28.651765
2026-02-27T17:55:53.976975,07c6aa62-413b-4cf2-b9ab-a37f6f21189e,ERR-1651,Customer Details Not Verified,resolved,2026-02-27T17:56:17.399238
2026-02-27T18:09:54.738208,a08202b0-32cc-4538-ab4d-e5ed111f334f,ERR-1995,Cart Item Add Issue,failed,
2026-02-27T18:10:56.112326,a08202b0-32cc-4538-ab4d-e5ed111f334f,ERR-6274,Cart Item Add Issue,failed,
2026-02-27T18:11:56.891156,a08202b0-32cc-4538-ab4d-e5ed111f334f,ERR-7583,Customer Details Not Verified,failed,
2026-02-27T18:12:52.813898,a08202b0-32cc-4538-ab4d-e5ed111f334f,ERR-6856,Cart Item Add Issue,failed,
2026-02-27T18:58:39.699647,0f2e3cad-f0c4-4820-a1f7-7fb269970529,ERR-5469,Cart Item Add Issue,resolved,2026-02-27T18:59:00.900546
2026-02-27T18:59:41.133701,0f2e3cad-f0c4-4820-a1f7-7fb269970529,ERR-2797,Customer Details Not Verified,resolved,2026-02-27T19:00:56.295267
2026-02-27T19:01:01.332539,0f2e3cad-f0c4-4820-a1f7-7fb269970529,ERR-2732,Cart Item Add Issue,resolved,2026-02-27T19:01:15.268638
2026-02-27T19:01:40.539946,0f2e3cad-f0c4-4820-a1f7-7fb269970529,ERR-5997,Teams Login Issue,failed,
2026-02-27T19:02:41.840600,0f2e3cad-f0c4-4820-a1f7-7fb269970529,ERR-5918,Cart Item Add Issue,resolved,2026-02-27T19:03:07.744674
2026-02-27T19:23:47.715655,385d1699-8b32-46ad-92e5-16aca3d086a0,ERR-3554,Teams Login Issue,resolved,2026-02-27T19:23:55.447826
2026-02-27T19:24:46.004136,385d1699-8b32-46ad-92e5-16aca3d086a0,ERR-2188,Cart Item Add Issue,resolved,2026-02-27T19:24:59.460436
2026-02-27T19:25:49.909384,385d1699-8b32-46ad-92e5-16aca3d086a0,ERR-3160,Teams Login Issue,resolved,2026-02-27T19:25:57.509244
2026-02-27T19:26:48.066795,385d1699-8b32-46ad-92e5-16aca3d086a0,ERR-1633,Customer Details Not Verified,resolved,2026-02-27T19:26:59.984956
2026-02-27T19:27:45.498762,385d1699-8b32-46ad-92e5-16aca3d086a0,ERR-2942,Customer Details Not Verified,resolved,2026-02-27T19:27:59.050939
2026-02-27T19:28:49.791509,385d1699-8b32-46ad-92e5-16aca3d086a0,ERR-5821,Customer Details Not Verified,resolved,2026-02-27T19:29:02.753178
2026-02-27T19:29:48.425713,385d1699-8b32-46ad-92e5-16aca3d086a0,ERR-7278,Cart Item Add Issue,resolved,2026-02-27T19:30:00.732012
2026-02-27T19:39:52.849044,ed7437ac-a40a-47cf-b168-cb3d9b917d86,ERR-8928,Cart Item Add Issue,resolved,2026-02-27T19:40:06.185161
2026-02-27T19:45:49.477893,5a0100bc-7ad2-4e48-a33a-c700fa259ee3,ERR-9506,Teams Login Issue,resolved,2026-02-27T19:45:57.705904
2026-02-27T19:46:48.348157,5a0100bc-7ad2-4e48-a33a-c700fa259ee3,ERR-4738,Cart Item Add Issue,resolved,2026-02-27T19:47:02.836178
2026-02-27T19:47:48.348731,5a0100bc-7ad2-4e48-a33a-c700fa259ee3,ERR-6275,Customer Details Not Verified,in_progress,
2026-02-27T19:51:06.466282,edf36b47-703b-486c-abbd-3215c1cf9ac4,ERR-8640,Teams Login Issue,resolved,2026-02-27T19:51:15.497794
2026-02-27T19:52:06.180452,edf36b47-703b-486c-abbd-3215c1cf9ac4,ERR-2536,Customer Details Not Verified,in_progress,
2026-02-27T19:55:37.620445,191ea5ad-3f51-47c0-9a88-afeed521f262,ERR-5282,Teams Login Issue,resolved,2026-02-27T19:55:46.233264
2026-03-09T17:15:20.862285,ad8a0be2-a1e8-4113-9ab2-c1184bb4d273,ERR-6459,Cart Item Add Issue,resolved,2026-03-09T17:15:48.483747
2026-03-09T17:16:23.988609,ad8a0be2-a1e8-4113-9ab2-c1184bb4d273,ERR-5867,Customer Details Not Verified,resolved,2026-03-09T17:18:45.969463
2026-03-09T17:18:51.060922,ad8a0be2-a1e8-4113-9ab2-c1184bb4d273,ERR-4139,Customer Details Not Verified,resolved,2026-03-09T17:21:11.384500
2026-03-09T17:18:51.067277,ad8a0be2-a1e8-4113-9ab2-c1184bb4d273,ERR-7822,Customer Details Not Verified,resolved,2026-03-09T17:23:32.072571
2026-03-09T17:23:37.193851,ad8a0be2-a1e8-4113-9ab2-c1184bb4d273,ERR-5265,Customer Details Not Verified,resolved,2026-03-09T17:25:57.555646
2026-03-09T17:23:37.204240,ad8a0be2-a1e8-4113-9ab2-c1184bb4d273,ERR-2874,Cart Item Add Issue,resolved,2026-03-09T17:26:22.214571
2026-03-09T17:23:37.212623,ad8a0be2-a1e8-4113-9ab2-c1184bb4d273,ERR-4672,Teams Login Issue,resolved,2026-03-09T17:26:38.172624
2026-03-09T17:23:37.220184,ad8a0be2-a1e8-4113-9ab2-c1184bb4d273,ERR-5610,Cart Item Add Issue,resolved,2026-03-09T17:27:04.657242
2026-03-09T17:23:37.228656,ad8a0be2-a1e8-4113-9ab2-c1184bb4d273,ERR-5552,Customer Details Not Verified,failed,
2026-03-09T17:29:27.110888,ad8a0be2-a1e8-4113-9ab2-c1184bb4d273,ERR-6985,Cart Item Add Issue,resolved,2026-03-09T17:39:46.791332
2026-03-09T17:29:27.120877,ad8a0be2-a1e8-4113-9ab2-c1184bb4d273,ERR-6873,Teams Login Issue,resolved,2026-03-09T17:39:55.146758
2026-03-09T17:29:27.131709,ad8a0be2-a1e8-4113-9ab2-c1184bb4d273,ERR-9473,Teams Login Issue,resolved,2026-03-09T17:40:03.953520
2026-03-09T17:29:27.141375,ad8a0be2-a1e8-4113-9ab2-c1184bb4d273,ERR-3985,Customer Details Not Verified,resolved,2026-03-09T17:42:18.181267
2026-03-09T17:29:27.151301,ad8a0be2-a1e8-4113-9ab2-c1184bb4d273,ERR-7516,Customer Details Not Verified,resolved,2026-03-09T17:44:32.524622
2026-03-09T17:29:27.161795,ad8a0be2-a1e8-4113-9ab2-c1184bb4d273,ERR-1311,Teams Login Issue,resolved,2026-03-09T17:44:40.193179
2026-03-09T17:44:45.377021,ad8a0be2-a1e8-4113-9ab2-c1184bb4d273,ERR-1677,Customer Details Not Verified,resolved,2026-03-09T17:46:59.948764
2026-03-09T17:44:45.387629,ad8a0be2-a1e8-4113-9ab2-c1184bb4d273,ERR-6162,Customer Details Not Verified,resolved,2026-03-09T17:49:14.191555
2026-03-09T17:44:45.398206,ad8a0be2-a1e8-4113-9ab2-c1184bb4d273,ERR-5531,Teams Login Issue,resolved,2026-03-09T17:49:22.108528
2026-03-09T17:44:45.408222,ad8a0be2-a1e8-4113-9ab2-c1184bb4d273,ERR-5083,Customer Details Not Verified,resolved,2026-03-09T17:51:36.227672
2026-03-09T17:44:45.419698,ad8a0be2-a1e8-4113-9ab2-c1184bb4d273,ERR-5263,Teams Login Issue,resolved,2026-03-09T17:51:44.060916
2026-03-09T17:44:45.430446,ad8a0be2-a1e8-4113-9ab2-c1184bb4d273,ERR-1832,Customer Details Not Verified,resolved,2026-03-09T17:53:58.647643
2026-03-09T17:44:45.442372,ad8a0be2-a1e8-4113-9ab2-c1184bb4d273,ERR-1233,Teams Login Issue,resolved,2026-03-09T17:54:06.783258
2026-03-09T17:44:45.453583,ad8a0be2-a1e8-4113-9ab2-c1184bb4d273,ERR-7239,Customer Details Not Verified,resolved,2026-03-17T17:19:17.171497
2026-03-09T17:44:45.463342,ad8a0be2-a1e8-4113-9ab2-c1184bb4d273,ERR-9715,Teams Login Issue,resolved,2026-03-09T17:56:27.725175
2026-03-09T17:44:45.475356,ad8a0be2-a1e8-4113-9ab2-c1184bb4d273,ERR-7484,Customer Details Not Verified,resolved,2026-03-09T17:58:41.215646
2026-03-09T17:44:45.488859,ad8a0be2-a1e8-4113-9ab2-c1184bb4d273,ERR-8742,Teams Login Issue,resolved,2026-03-09T17:58:48.729401
2026-03-09T17:44:45.500010,ad8a0be2-a1e8-4113-9ab2-c1184bb4d273,ERR-9633,Teams Login Issue,resolved,2026-03-09T17:58:56.231560
2026-03-09T17:44:45.510203,ad8a0be2-a1e8-4113-9ab2-c1184bb4d273,ERR-8049,Customer Details Not Verified,failed,
2026-03-09T17:44:45.532130,ad8a0be2-a1e8-4113-9ab2-c1184bb4d273,ERR-1071,Cart Item Add Issue,failed,
2026-03-09T18:01:26.811058,ad8a0be2-a1e8-4113-9ab2-c1184bb4d273,ERR-6964,Customer Details Not Verified,resolved,2026-03-09T18:03:40.965454
2026-03-09T18:01:26.814603,ad8a0be2-a1e8-4113-9ab2-c1184bb4d273,ERR-9424,Cart Item Add Issue,resolved,2026-03-09T18:03:55.945100
2026-03-09T18:01:26.817570,ad8a0be2-a1e8-4113-9ab2-c1184bb4d273,ERR-3695,Cart Item Add Issue,resolved,2026-03-09T18:04:07.868334
2026-03-09T18:01:26.820440,ad8a0be2-a1e8-4113-9ab2-c1184bb4d273,ERR-5609,Customer Details Not Verified,resolved,2026-03-09T18:06:21.469584
2026-03-09T18:01:26.823513,ad8a0be2-a1e8-4113-9ab2-c1184bb4d273,ERR-6267,Cart Item Add Issue,resolved,2026-03-09T18:06:33.073292
2026-03-09T18:01:26.826335,ad8a0be2-a1e8-4113-9ab2-c1184bb4d273,ERR-1498,Cart Item Add Issue,resolved,2026-03-09T18:06:44.592151
2026-03-09T18:01:26.829266,ad8a0be2-a1e8-4113-9ab2-c1184bb4d273,ERR-9761,Cart Item Add Issue,resolved,2026-03-09T18:06:56.605949
2026-03-09T18:01:26.832047,ad8a0be2-a1e8-4113-9ab2-c1184bb4d273,ERR-1205,Cart Item Add Issue,resolved,2026-03-09T18:07:08.115637
2026-03-09T18:01:26.835219,ad8a0be2-a1e8-4113-9ab2-c1184bb4d273,ERR-9232,Teams Login Issue,resolved,2026-03-09T18:07:15.845182
2026-03-09T18:01:26.838787,ad8a0be2-a1e8-4113-9ab2-c1184bb4d273,ERR-1898,Customer Details Not Verified,resolved,2026-03-09T18:09:29.554598
2026-03-09T18:01:26.842258,ad8a0be2-a1e8-4113-9ab2-c1184bb4d273,ERR-8279,Teams Login Issue,in_progress,
2026-03-17T17:16:21.474992,b10e021c-5750-4079-a23a-7da7e0eb82a3,ERR-1736,Cart Item Add Issue,resolved,2026-03-17T17:16:36.339246
2026-03-17T17:17:22.070793,b10e021c-5750-4079-a23a-7da7e0eb82a3,ERR-7239,Customer Details Not Verified,resolved,2026-03-17T17:19:17.171497
2026-03-17T17:19:22.230354,b10e021c-5750-4079-a23a-7da7e0eb82a3,ERR-4261,Teams Login Issue,in_progress,
2026-03-17T17:56:29.191896,2c3e7d5f-0540-45ad-a9d0-7fc73e03d109,ERR-6701,Cart Item Add Issue,resolved,2026-03-17T17:56:42.254827
2026-03-17T17:57:27.746658,2c3e7d5f-0540-45ad-a9d0-7fc73e03d109,ERR-8416,Cart Item Add Issue,resolved,2026-03-17T17:57:40.993944
2026-03-17T17:58:31.588808,2c3e7d5f-0540-45ad-a9d0-7fc73e03d109,ERR-5288,Cart Item Add Issue,resolved,2026-03-17T17:58:44.262286
2026-03-17T17:59:29.800102,2c3e7d5f-0540-45ad-a9d0-7fc73e03d109,ERR-6653,Customer Details Not Verified,in_progress,
2026-03-17T18:05:47.487623,f1ab3173-7557-49c5-b8c5-0088687cee4b,ERR-6914,Teams Login Issue,resolved,2026-03-17T18:05:55.922852
2026-03-17T18:06:46.418538,f1ab3173-7557-49c5-b8c5-0088687cee4b,ERR-9716,Teams Login Issue,resolved,2026-03-17T18:06:54.853777
2026-03-17T18:07:45.358194,f1ab3173-7557-49c5-b8c5-0088687cee4b,ERR-5196,Cart Item Add Issue,resolved,2026-03-17T18:07:58.296612
2026-03-17T18:08:48.778117,f1ab3173-7557-49c5-b8c5-0088687cee4b,ERR-7399,Teams Login Issue,resolved,2026-03-17T18:08:57.203739
2026-03-17T18:09:47.680064,f1ab3173-7557-49c5-b8c5-0088687cee4b,ERR-5775,Teams Login Issue,in_progress,
2026-03-17T19:26:18.397059,22168cbd-b560-4152-951a-ec38916e5f25,ERR-8568,Customer Details Not Verified,resolved,2026-03-17T19:26:31.688262
2026-03-23T13:13:05.729856,92864359-9fa4-46aa-ae68-54b47ab62aec,ERR-7144,Customer Details Not Verified,resolved,2026-03-23T13:15:20.802888
2026-03-23T13:15:25.902626,92864359-9fa4-46aa-ae68-54b47ab62aec,ERR-7738,Customer Details Not Verified,in_progress,
2026-03-23T13:26:18.123022,57edd8c7-2cfa-4435-98e0-deaae472944b,ERR-7999,Customer Details Not Verified,resolved,2026-03-23T13:27:11.892343
2026-03-23T13:27:16.940034,57edd8c7-2cfa-4435-98e0-deaae472944b,ERR-9321,Teams Login Issue,resolved,2026-03-23T13:27:25.590547
